DECLARE @PARENTID DECIMAL = 0
IF(@PARENTID>0)
BEGIN
DELETE FROM OJET
DELETE FROM OGLA WHERE ParentID = @PARENTID
DELETE FROM GLAG WHERE ParentID = @PARENTID
DELETE FROM OQUS WHERE ParentID = @PARENTID

INSERT [dbo].[GLAG] ([GLAccGroupID], [ParentID], [GLAccGroupName], [GLAccGroupDesc], [CreatedDate], [CreatedBy], [UpdatedDate], [UpdatedBy], [Active], [SyncStatus]) VALUES (1, @PARENTID, N'Asset', N'Asset', CAST(0x0000A2A600000000 AS DateTime), 1, CAST(0x0000A2A600000000 AS DateTime), 1, 1, 0)
INSERT [dbo].[GLAG] ([GLAccGroupID], [ParentID], [GLAccGroupName], [GLAccGroupDesc], [CreatedDate], [CreatedBy], [UpdatedDate], [UpdatedBy], [Active], [SyncStatus]) VALUES (2, @PARENTID, N'Expense', N'Expense', CAST(0x0000A2A600000000 AS DateTime), 1, CAST(0x0000A2A600000000 AS DateTime), 1, 1, 0)
INSERT [dbo].[GLAG] ([GLAccGroupID], [ParentID], [GLAccGroupName], [GLAccGroupDesc], [CreatedDate], [CreatedBy], [UpdatedDate], [UpdatedBy], [Active], [SyncStatus]) VALUES (3, @PARENTID, N'Liability', N'Liability', CAST(0x0000A2A600000000 AS DateTime), 1, CAST(0x0000A2A600000000 AS DateTime), 1, 1, 0)
INSERT [dbo].[GLAG] ([GLAccGroupID], [ParentID], [GLAccGroupName], [GLAccGroupDesc], [CreatedDate], [CreatedBy], [UpdatedDate], [UpdatedBy], [Active], [SyncStatus]) VALUES (4, @PARENTID, N'Income', N'Income', CAST(0x0000A2A600000000 AS DateTime), 1, CAST(0x0000A2A600000000 AS DateTime), 1, 1, 0)
INSERT [dbo].[GLAG] ([GLAccGroupID], [ParentID], [GLAccGroupName], [GLAccGroupDesc], [CreatedDate], [CreatedBy], [UpdatedDate], [UpdatedBy], [Active], [SyncStatus]) VALUES (5, @PARENTID, N'Equity', N'Equity', CAST(0x0000A2A600000000 AS DateTime), 1, CAST(0x0000A2A600000000 AS DateTime), 1, 1, 0)

INSERT [dbo].[OGLA] ([GLAccID], [ParentID], [GLAccCode], [GLAccName], [GLType], [GLAccGroupID], [ParentGL], [UserID], [GLAmount], [CreditDays], [Currency], [Notes], [CreatedDate], [CreatedBy], [UpdatedDate], [UpdatedBy], [Active], [IsSystem], [SyncStatus]) VALUES (1, @PARENTID, N'GL0001', N'Asset', N'T', 1, NULL, NULL, 0.0000, NULL, N'INR', NULL, CAST(0x0000A2DA00000000 AS DateTime), 1, CAST(0x0000A2DA00000000 AS DateTime), 1, 1, 1, 0)
INSERT [dbo].[OGLA] ([GLAccID], [ParentID], [GLAccCode], [GLAccName], [GLType], [GLAccGroupID], [ParentGL], [UserID], [GLAmount], [CreditDays], [Currency], [Notes], [CreatedDate], [CreatedBy], [UpdatedDate], [UpdatedBy], [Active], [IsSystem], [SyncStatus]) VALUES (2, @PARENTID, N'GL0002', N'Expense', N'T', 2, NULL, NULL, 0.0000, NULL, N'INR', NULL, CAST(0x0000A2DA00000000 AS DateTime), 1, CAST(0x0000A2DA00000000 AS DateTime), 1, 1, 1, 0)
INSERT [dbo].[OGLA] ([GLAccID], [ParentID], [GLAccCode], [GLAccName], [GLType], [GLAccGroupID], [ParentGL], [UserID], [GLAmount], [CreditDays], [Currency], [Notes], [CreatedDate], [CreatedBy], [UpdatedDate], [UpdatedBy], [Active], [IsSystem], [SyncStatus]) VALUES (3, @PARENTID, N'GL0003', N'Liability', N'T', 3, NULL, NULL, 0.0000, NULL, N'INR', NULL, CAST(0x0000A2DA00000000 AS DateTime), 1, CAST(0x0000A2DA00000000 AS DateTime), 1, 1, 1, 0)
INSERT [dbo].[OGLA] ([GLAccID], [ParentID], [GLAccCode], [GLAccName], [GLType], [GLAccGroupID], [ParentGL], [UserID], [GLAmount], [CreditDays], [Currency], [Notes], [CreatedDate], [CreatedBy], [UpdatedDate], [UpdatedBy], [Active], [IsSystem], [SyncStatus]) VALUES (4, @PARENTID, N'GL0004', N'Income', N'T', 4, NULL, NULL, 0.0000, NULL, N'INR', NULL, CAST(0x0000A2DA00000000 AS DateTime), 1, CAST(0x0000A2DA00000000 AS DateTime), 1, 1, 1, 0)
INSERT [dbo].[OGLA] ([GLAccID], [ParentID], [GLAccCode], [GLAccName], [GLType], [GLAccGroupID], [ParentGL], [UserID], [GLAmount], [CreditDays], [Currency], [Notes], [CreatedDate], [CreatedBy], [UpdatedDate], [UpdatedBy], [Active], [IsSystem], [SyncStatus]) VALUES (5, @PARENTID, N'GL0005', N'Equity', N'T', 5, NULL, NULL, 0.0000, NULL, N'INR', NULL, CAST(0x0000A2DA00000000 AS DateTime), 1, CAST(0x0000A2DA00000000 AS DateTime), 1, 1, 1, 0)
INSERT [dbo].[OGLA] ([GLAccID], [ParentID], [GLAccCode], [GLAccName], [GLType], [GLAccGroupID], [ParentGL], [UserID], [GLAmount], [CreditDays], [Currency], [Notes], [CreatedDate], [CreatedBy], [UpdatedDate], [UpdatedBy], [Active], [IsSystem], [SyncStatus]) VALUES (6, @PARENTID, N'GL0101', N'Cash Account', N'A', 1, 1, NULL, 0.0000, NULL, N'INR', NULL, CAST(0x0000A2DA00000000 AS DateTime), 1, CAST(0x0000A33F00000000 AS DateTime), 1, 1, 1, 0)
INSERT [dbo].[OGLA] ([GLAccID], [ParentID], [GLAccCode], [GLAccName], [GLType], [GLAccGroupID], [ParentGL], [UserID], [GLAmount], [CreditDays], [Currency], [Notes], [CreatedDate], [CreatedBy], [UpdatedDate], [UpdatedBy], [Active], [IsSystem], [SyncStatus]) VALUES (7, @PARENTID, N'GL0102', N'Cheque Account', N'A', 1, 1, NULL, 0.0000, NULL, N'INR', NULL, CAST(0x0000A2DA00000000 AS DateTime), 1, CAST(0x0000A2DA00000000 AS DateTime), 1, 1, 1, 0)
INSERT [dbo].[OGLA] ([GLAccID], [ParentID], [GLAccCode], [GLAccName], [GLType], [GLAccGroupID], [ParentGL], [UserID], [GLAmount], [CreditDays], [Currency], [Notes], [CreatedDate], [CreatedBy], [UpdatedDate], [UpdatedBy], [Active], [IsSystem], [SyncStatus]) VALUES (8, @PARENTID, N'GL0103', N'Bank Account', N'T', 1, 1, NULL, 0.0000, NULL, N'INR', NULL, CAST(0x0000A33F00000000 AS DateTime), 1, CAST(0x0000A33F00000000 AS DateTime), 1, 1, 1, 0)
INSERT [dbo].[OGLA] ([GLAccID], [ParentID], [GLAccCode], [GLAccName], [GLType], [GLAccGroupID], [ParentGL], [UserID], [GLAmount], [CreditDays], [Currency], [Notes], [CreatedDate], [CreatedBy], [UpdatedDate], [UpdatedBy], [Active], [IsSystem], [SyncStatus]) VALUES (9, @PARENTID, N'GL0104', N'Peti Cash', N'A', 1, 1, NULL, 0.0000, NULL, N'INR', NULL, CAST(0x0000A2DA00000000 AS DateTime), 1, CAST(0x0000A2DA00000000 AS DateTime), 1, 1, 1, 0)
INSERT [dbo].[OGLA] ([GLAccID], [ParentID], [GLAccCode], [GLAccName], [GLType], [GLAccGroupID], [ParentGL], [UserID], [GLAmount], [CreditDays], [Currency], [Notes], [CreatedDate], [CreatedBy], [UpdatedDate], [UpdatedBy], [Active], [IsSystem], [SyncStatus]) VALUES (10, @PARENTID, N'GL0105', N'VAT (Input)', N'A', 1, 1, NULL, 0.0000, NULL, N'INR', NULL, CAST(0x0000A2DA00000000 AS DateTime), 1, CAST(0x0000A2DA00000000 AS DateTime), 1, 1, 1, 0)
INSERT [dbo].[OGLA] ([GLAccID], [ParentID], [GLAccCode], [GLAccName], [GLType], [GLAccGroupID], [ParentGL], [UserID], [GLAmount], [CreditDays], [Currency], [Notes], [CreatedDate], [CreatedBy], [UpdatedDate], [UpdatedBy], [Active], [IsSystem], [SyncStatus]) VALUES (11, @PARENTID, N'GL0106', N'ADD VAT (Input)', N'A', 1, 1, NULL, 0.0000, NULL, N'INR', NULL, CAST(0x0000A2DA00000000 AS DateTime), 1, CAST(0x0000A2DA00000000 AS DateTime), 1, 1, 1, 0)
INSERT [dbo].[OGLA] ([GLAccID], [ParentID], [GLAccCode], [GLAccName], [GLType], [GLAccGroupID], [ParentGL], [UserID], [GLAmount], [CreditDays], [Currency], [Notes], [CreatedDate], [CreatedBy], [UpdatedDate], [UpdatedBy], [Active], [IsSystem], [SyncStatus]) VALUES (12, @PARENTID, N'GL0107', N'CST (Input)', N'A', 1, 1, NULL, 0.0000, NULL, N'INR', NULL, CAST(0x0000A2DA00000000 AS DateTime), 1, CAST(0x0000A2DA00000000 AS DateTime), 1, 1, 1, 0)
INSERT [dbo].[OGLA] ([GLAccID], [ParentID], [GLAccCode], [GLAccName], [GLType], [GLAccGroupID], [ParentGL], [UserID], [GLAmount], [CreditDays], [Currency], [Notes], [CreatedDate], [CreatedBy], [UpdatedDate], [UpdatedBy], [Active], [IsSystem], [SyncStatus]) VALUES (13, @PARENTID, N'GL0108', N'Sundry Debtor', N'T', 1, 1, NULL, 0.0000, NULL, N'INR', NULL, CAST(0x0000A2DA00000000 AS DateTime), 1, CAST(0x0000A2DA00000000 AS DateTime), 1, 1, 1, 0)
INSERT [dbo].[OGLA] ([GLAccID], [ParentID], [GLAccCode], [GLAccName], [GLType], [GLAccGroupID], [ParentGL], [UserID], [GLAmount], [CreditDays], [Currency], [Notes], [CreatedDate], [CreatedBy], [UpdatedDate], [UpdatedBy], [Active], [IsSystem], [SyncStatus]) VALUES (14, @PARENTID, N'GL0109', N'Employee Outstanding', N'T', 1, 1, NULL, 0.0000, NULL, N'INR', NULL, CAST(0x0000A2DA00000000 AS DateTime), 1, CAST(0x0000A2DA00000000 AS DateTime), 1, 1, 1, 0)
INSERT [dbo].[OGLA] ([GLAccID], [ParentID], [GLAccCode], [GLAccName], [GLType], [GLAccGroupID], [ParentGL], [UserID], [GLAmount], [CreditDays], [Currency], [Notes], [CreatedDate], [CreatedBy], [UpdatedDate], [UpdatedBy], [Active], [IsSystem], [SyncStatus]) VALUES (15, @PARENTID, N'GL0110', N'Stock Account', N'A', 1, 1, NULL, 0.0000, NULL, N'INR', NULL, CAST(0x0000A2DA00000000 AS DateTime), 1, CAST(0x0000A2DA00000000 AS DateTime), 1, 1, 1, 0)
INSERT [dbo].[OGLA] ([GLAccID], [ParentID], [GLAccCode], [GLAccName], [GLType], [GLAccGroupID], [ParentGL], [UserID], [GLAmount], [CreditDays], [Currency], [Notes], [CreatedDate], [CreatedBy], [UpdatedDate], [UpdatedBy], [Active], [IsSystem], [SyncStatus]) VALUES (16, @PARENTID, N'GL0201', N'Expense Account', N'A', 2, 2, NULL, 0.0000, NULL, N'INR', NULL, CAST(0x0000A2DA00000000 AS DateTime), 1, CAST(0x0000A2DA00000000 AS DateTime), 1, 1, 1, 0)
INSERT [dbo].[OGLA] ([GLAccID], [ParentID], [GLAccCode], [GLAccName], [GLType], [GLAccGroupID], [ParentGL], [UserID], [GLAmount], [CreditDays], [Currency], [Notes], [CreatedDate], [CreatedBy], [UpdatedDate], [UpdatedBy], [Active], [IsSystem], [SyncStatus]) VALUES (17, @PARENTID, N'GL0202', N'Cost Of Goods Sold', N'A', 2, 2, NULL, 0.0000, NULL, N'INR', NULL, CAST(0x0000A2DA00000000 AS DateTime), 1, CAST(0x0000A2DA00000000 AS DateTime), 1, 1, 1, 0)
INSERT [dbo].[OGLA] ([GLAccID], [ParentID], [GLAccCode], [GLAccName], [GLType], [GLAccGroupID], [ParentGL], [UserID], [GLAmount], [CreditDays], [Currency], [Notes], [CreatedDate], [CreatedBy], [UpdatedDate], [UpdatedBy], [Active], [IsSystem], [SyncStatus]) VALUES (18, @PARENTID, N'GL0203', N'Stock Loss', N'A', 2, 2, NULL, 0.0000, NULL, N'INR', NULL, CAST(0x0000A33F00000000 AS DateTime), 1, CAST(0x0000A33F00000000 AS DateTime), 1, 1, 1, 0)
INSERT [dbo].[OGLA] ([GLAccID], [ParentID], [GLAccCode], [GLAccName], [GLType], [GLAccGroupID], [ParentGL], [UserID], [GLAmount], [CreditDays], [Currency], [Notes], [CreatedDate], [CreatedBy], [UpdatedDate], [UpdatedBy], [Active], [IsSystem], [SyncStatus]) VALUES (19, @PARENTID, N'GL0204', N'Stock Gain', N'A', 2, 2, NULL, 0.0000, NULL, N'INR', NULL, CAST(0x0000A33F00000000 AS DateTime), 1, CAST(0x0000A33F00000000 AS DateTime), 1, 1, 1, 0)
INSERT [dbo].[OGLA] ([GLAccID], [ParentID], [GLAccCode], [GLAccName], [GLType], [GLAccGroupID], [ParentGL], [UserID], [GLAmount], [CreditDays], [Currency], [Notes], [CreatedDate], [CreatedBy], [UpdatedDate], [UpdatedBy], [Active], [IsSystem], [SyncStatus]) VALUES (20, @PARENTID, N'GL0301', N'Sundry Creditor', N'T', 3, 3, NULL, 0.0000, NULL, N'INR', NULL, CAST(0x0000A2DA00000000 AS DateTime), 1, CAST(0x0000A2DA00000000 AS DateTime), 1, 1, 1, 0)
INSERT [dbo].[OGLA] ([GLAccID], [ParentID], [GLAccCode], [GLAccName], [GLType], [GLAccGroupID], [ParentGL], [UserID], [GLAmount], [CreditDays], [Currency], [Notes], [CreatedDate], [CreatedBy], [UpdatedDate], [UpdatedBy], [Active], [IsSystem], [SyncStatus]) VALUES (21, @PARENTID, N'GL0302', N'VAT (Output)', N'A', 3, 3, NULL, 0.0000, NULL, N'INR', NULL, CAST(0x0000A2DA00000000 AS DateTime), 1, CAST(0x0000A2DA00000000 AS DateTime), 1, 1, 1, 0)
INSERT [dbo].[OGLA] ([GLAccID], [ParentID], [GLAccCode], [GLAccName], [GLType], [GLAccGroupID], [ParentGL], [UserID], [GLAmount], [CreditDays], [Currency], [Notes], [CreatedDate], [CreatedBy], [UpdatedDate], [UpdatedBy], [Active], [IsSystem], [SyncStatus]) VALUES (22, @PARENTID, N'GL0303', N'ADD VAT (Output)', N'A', 3, 3, NULL, 0.0000, NULL, N'INR', NULL, CAST(0x0000A2DA00000000 AS DateTime), 1, CAST(0x0000A2DA00000000 AS DateTime), 1, 1, 1, 0)
INSERT [dbo].[OGLA] ([GLAccID], [ParentID], [GLAccCode], [GLAccName], [GLType], [GLAccGroupID], [ParentGL], [UserID], [GLAmount], [CreditDays], [Currency], [Notes], [CreatedDate], [CreatedBy], [UpdatedDate], [UpdatedBy], [Active], [IsSystem], [SyncStatus]) VALUES (23, @PARENTID, N'GL0304', N'CST (Output)', N'A', 3, 3, NULL, 0.0000, NULL, N'INR', NULL, CAST(0x0000A2DA00000000 AS DateTime), 1, CAST(0x0000A2DA00000000 AS DateTime), 1, 1, 1, 0)
INSERT [dbo].[OGLA] ([GLAccID], [ParentID], [GLAccCode], [GLAccName], [GLType], [GLAccGroupID], [ParentGL], [UserID], [GLAmount], [CreditDays], [Currency], [Notes], [CreatedDate], [CreatedBy], [UpdatedDate], [UpdatedBy], [Active], [IsSystem], [SyncStatus]) VALUES (24, @PARENTID, N'GL0401', N'Sales Account', N'A', 4, 4, NULL, 0.0000, NULL, N'INR', NULL, CAST(0x0000A2DA00000000 AS DateTime), 1, CAST(0x0000A2DA00000000 AS DateTime), 1, 1, 1, 0)
INSERT [dbo].[OGLA] ([GLAccID], [ParentID], [GLAccCode], [GLAccName], [GLType], [GLAccGroupID], [ParentGL], [UserID], [GLAmount], [CreditDays], [Currency], [Notes], [CreatedDate], [CreatedBy], [UpdatedDate], [UpdatedBy], [Active], [IsSystem], [SyncStatus]) VALUES (25, @PARENTID, N'GL0501', N'Opening Balance', N'A', 5, 5, NULL, 0.0000, NULL, N'INR', NULL, CAST(0x0000A2DA00000000 AS DateTime), 1, CAST(0x0000A2DA00000000 AS DateTime), 1, 1, 1, 0)
INSERT [dbo].[OGLA] ([GLAccID], [ParentID], [GLAccCode], [GLAccName], [GLType], [GLAccGroupID], [ParentGL], [UserID], [GLAmount], [CreditDays], [Currency], [Notes], [CreatedDate], [CreatedBy], [UpdatedDate], [UpdatedBy], [Active], [IsSystem], [SyncStatus]) VALUES (26, @PARENTID, N'GL0502', N'P & L Account ', N'A', 5, 5, NULL, 0.0000, NULL, N'INR', NULL, CAST(0x0000A2DA00000000 AS DateTime), 1, CAST(0x0000A2DA00000000 AS DateTime), 1, 1, 1, 0)

INSERT [dbo].[OQUS] ([QuesID], [ParentID], [QuesName], [QuesDesc], [DocType], [Type], [CampaignID], [CreatedDate], [CreatedBy], [UpdatedDate], [UpdatedBy], [Active], [SyncStatus]) VALUES (1, @ParentID, N'In which city were you born?', NULL, N'S', N'O', NULL, CAST(0x0000A33900000000 AS DateTime), 1, CAST(0x0000A33900000000 AS DateTime), 1, 1, 0)
INSERT [dbo].[OQUS] ([QuesID], [ParentID], [QuesName], [QuesDesc], [DocType], [Type], [CampaignID], [CreatedDate], [CreatedBy], [UpdatedDate], [UpdatedBy], [Active], [SyncStatus]) VALUES (2, @ParentID, N'What is the name of your favorite teacher?', NULL, N'S', N'O', NULL, CAST(0x0000A33900000000 AS DateTime), 1, CAST(0x0000A33900000000 AS DateTime), 1, 1, 0)
INSERT [dbo].[OQUS] ([QuesID], [ParentID], [QuesName], [QuesDesc], [DocType], [Type], [CampaignID], [CreatedDate], [CreatedBy], [UpdatedDate], [UpdatedBy], [Active], [SyncStatus]) VALUES (3, @ParentID, N'What was your childhood nickname?  ', NULL, N'S', N'O', NULL, CAST(0x0000A33900000000 AS DateTime), 1, CAST(0x0000A33900000000 AS DateTime), 1, 1, 0)
INSERT [dbo].[OQUS] ([QuesID], [ParentID], [QuesName], [QuesDesc], [DocType], [Type], [CampaignID], [CreatedDate], [CreatedBy], [UpdatedDate], [UpdatedBy], [Active], [SyncStatus]) VALUES (4, @ParentID, N'What was your favorite sport in high school?', NULL, N'S', N'O', NULL, CAST(0x0000A33900000000 AS DateTime), 1, CAST(0x0000A33900000000 AS DateTime), 1, 1, 0)
INSERT [dbo].[OQUS] ([QuesID], [ParentID], [QuesName], [QuesDesc], [DocType], [Type], [CampaignID], [CreatedDate], [CreatedBy], [UpdatedDate], [UpdatedBy], [Active], [SyncStatus]) VALUES (5, @ParentID, N'What is the name of the University you graduated from?', NULL, N'S', N'O', NULL, CAST(0x0000A33900000000 AS DateTime), 1, CAST(0x0000A33900000000 AS DateTime), 1, 1, 0)

END